filePath,objectName
C:/perf/file01.bin,uploads/2025/10/31/e651dd97-8704-4427-8330-10d6f2b0a116-01.bin
C:/perf/file02.bin,uploads/2025/10/31/55b9d71e-0c02-45a2-aad9-9209defaca9b-02.bin
C:/perf/file03.bin,uploads/2025/10/31/327a863a-b911-48d8-911f-7ed343e77107-03.bin
C:/perf/file04.bin,uploads/2025/10/31/a071abf8-b98f-4450-b070-d919401579ce-04.bin
C:/perf/file05.bin,uploads/2025/10/31/ee645b62-f33f-4fa5-b6da-ed4433f94702-05.bin
C:/perf/file06.bin,uploads/2025/10/31/a6c30615-ad49-45aa-a6b9-bbdde774e73c-06.bin
C:/perf/file07.bin,uploads/2025/10/31/e76118ac-8569-4e55-98ba-ee9541837e9c-07.bin
C:/perf/file08.bin,uploads/2025/10/31/fe0b522a-e6be-47a0-b705-2507f771b9e4-08.bin
C:/perf/file09.bin,uploads/2025/10/31/0db5ee6f-5f24-4112-9ec9-b6c7b14fad0f-09.bin
C:/perf/file10.bin,uploads/2025/10/31/3c5f5903-3dbe-4c9f-811e-b0e945d9c58a-10.bin
