{
  "id": "4c61903d-3371-41a3-9ac2-86ecad689996",
  "name": "perf",
  "values": [
    {
      "key": "baseUrl",
      "value": "https://localhost:6253/api/v1",
      "enabled": true
    },
    {
      "key": "bucketName",
      "value": "filemanager",
      "enabled": true
    },
    {
      "key": "token",
      "value": "",
      "enabled": true
    },
    {
      "key": "uploadContentType",
      "value": "application/octet-stream",
      "enabled": true
    },
    {
      "key": "expirationSeconds",
      "value": "300",
      "enabled": true
    },
    {
      "key": "expectedSizeBytes",
      "value": "104857600",
      "enabled": true
    }
  ]
}