{
  "info": {
    "name": "Perf GCS Upload/Download (Assinadas)",
    "_postman_id": "65405a4a-17dc-46f2-8779-6a37402e3502",
    "schema": "https://schema.getpostman.com/json/collection/v2.1.0/collection.json"
  },
  "item": [
    {
      "name": "1) Gerar URL Assinada (UPLOAD)",
      "event": [
        {
          "listen": "test",
          "script": {
            "type": "text/javascript",
            "exec": [
              "pm.test(\"HTTP 200\", () => pm.response.code === 200);\nconst text = pm.response.text();\nlet url = null;\ntry {\n  const j = pm.response.json();\n  function findUrl(o) {\n    if (!o || typeof o !== 'object') return null;\n    for (const [k,v] of Object.entries(o)) {\n      if (typeof v === 'string' && /^https?:\\/\\//.test(v)) return v;\n      if (v && typeof v === 'object') {\n        const r = findUrl(v);\n        if (r) return r;\n      }\n    }\n    return null;\n  }\n  url = j.url || j.signedUrl || j.uploadUrl || j.downloadUrl || j.href || j.link || findUrl(j);\n} catch (e) { /* ignore */ }\nif (!url) {\n  const m = text.match(/https?:\\/\\/[^\"\\s<]+/);\n  if (m) url = m[0];\n}\npm.environment.set(\"signedUploadUrl\", url);\npm.test(\"URL assinada capturada\", () => !!pm.environment.get(\"signedUploadUrl\"));"
            ]
          }
        }
      ],
      "request": {
        "method": "POST",
        "header": [
          {
            "key": "Authorization",
            "value": "Bearer {{token}}",
            "type": "text",
            "disabled": false
          },
          {
            "key": "Content-Type",
            "value": "application/json",
            "type": "text"
          }
        ],
        "url": {
          "raw": "{{baseUrl}}/signedurl/uploadGoogleCloudStorage",
          "host": [
            "{{baseUrl}}"
          ],
          "path": [
            "signedurl",
            "uploadGoogleCloudStorage"
          ]
        },
        "body": {
          "mode": "raw",
          "raw": "{\n  \"bucketName\": \"{{bucketName}}\",\n  \"objectName\": \"{{objectName}}\",\n  \"expirationSeconds\": {{expirationSeconds}}\n}"
        }
      }
    },
    {
      "name": "2) PUT no GCS (usar URL Assinada de UPLOAD)",
      "event": [
        {
          "listen": "test",
          "script": {
            "type": "text/javascript",
            "exec": [
              "pm.test('Upload 2xx', () => pm.response.code >= 200 && pm.response.code < 300);",
              "const ms = pm.response.responseTime;",
              "const sz = Number(pm.environment.get('expectedSizeBytes')||104857600);",
              "const mbps = (sz/ (1024*1024)) / (ms/1000);",
              "console.log(`UPLOAD: ${ (sz/(1024*1024)).toFixed(0)}MB em ${ (ms/1000).toFixed(2)}s => ${ mbps.toFixed(2)} MB/s`);"
            ]
          }
        }
      ],
      "request": {
        "auth": {
          "type": "noauth"
        },
        "method": "PUT",
        "header": [
          {
            "key": "Content-Type",
            "value": "{{uploadContentType}}",
            "type": "text"
          }
        ],
        "url": {
          "raw": "{{signedUploadUrl}}"
        },
        "disableUrlEncoding": true,
        "body": {
          "mode": "file",
          "file": {
            "src": "{{filePath}}"
          }
        }
      }
    },
    {
      "name": "3) Gerar URL Assinada (DOWNLOAD)",
      "event": [
        {
          "listen": "test",
          "script": {
            "type": "text/javascript",
            "exec": [
              "pm.test(\"HTTP 200\", () => pm.response.code === 200);\nconst text = pm.response.text();\nlet url = null;\ntry {\n  const j = pm.response.json();\n  function findUrl(o) {\n    if (!o || typeof o !== 'object') return null;\n    for (const [k,v] of Object.entries(o)) {\n      if (typeof v === 'string' && /^https?:\\/\\//.test(v)) return v;\n      if (v && typeof v === 'object') {\n        const r = findUrl(v);\n        if (r) return r;\n      }\n    }\n    return null;\n  }\n  url = j.url || j.signedUrl || j.uploadUrl || j.downloadUrl || j.href || j.link || findUrl(j);\n} catch (e) { /* ignore */ }\nif (!url) {\n  const m = text.match(/https?:\\/\\/[^\"\\s<]+/);\n  if (m) url = m[0];\n}\npm.environment.set(\"signedDownloadUrl\", url);\npm.test(\"URL assinada capturada\", () => !!pm.environment.get(\"signedDownloadUrl\"));"
            ]
          }
        }
      ],
      "request": {
        "method": "POST",
        "header": [
          {
            "key": "Authorization",
            "value": "Bearer {{token}}",
            "type": "text",
            "disabled": false
          },
          {
            "key": "Content-Type",
            "value": "application/json",
            "type": "text"
          }
        ],
        "url": {
          "raw": "{{baseUrl}}/signedurl/downloadGoogleCloudStorage",
          "host": [
            "{{baseUrl}}"
          ],
          "path": [
            "signedurl",
            "downloadGoogleCloudStorage"
          ]
        },
        "body": {
          "mode": "raw",
          "raw": "{\n  \"bucketName\": \"{{bucketName}}\",\n  \"objectName\": \"{{objectName}}\",\n  \"expirationSeconds\": {{expirationSeconds}}\n}"
        }
      }
    },
    {
      "name": "4) GET no GCS (usar URL Assinada de DOWNLOAD)",
      "event": [
        {
          "listen": "test",
          "script": {
            "type": "text/javascript",
            "exec": [
              "pm.test('Download 2xx', () => pm.response.code >= 200 && pm.response.code < 300);",
              "const ms = pm.response.responseTime;",
              "const size = pm.response.size();",
              "const bodyBytes = Number(size && size.body || 0);",
              "if (bodyBytes) {",
              "  const mbps = (bodyBytes/(1024*1024)) / (ms/1000);",
              "  console.log(`DOWNLOAD: ${(bodyBytes/(1024*1024)).toFixed(0)}MB em ${(ms/1000).toFixed(2)}s => ${mbps.toFixed(2)} MB/s`);",
              "  const expected = Number(pm.environment.get('expectedSizeBytes')||0);",
              "  if (expected) pm.test('Tamanho esperado', () => bodyBytes === expected);",
              "} else {",
              "  console.warn('Não foi possível medir bytes do corpo.');",
              "}"
            ]
          }
        }
      ],
      "request": {
        "auth": {
          "type": "noauth"
        },
        "method": "GET",
        "header": [],
        "url": {
          "raw": "{{signedDownloadUrl}}"
        },
        "disableUrlEncoding": true
      }
    }
  ]
}